	chrom_region	start_region	end_region	region_number	chrom_gene	start_gene	end_gene	gene_name	gene_number	distance
11	chr1	9600826	9602492	130	chr1	9601199	9627143	Vxn	83	373
18	chr1	10992915	10994532	180	chr1	10993465	11303681	Prex2	84	550
29	chr1	11413329	11415038	192	chr1	11414105	11975901	A830018L16Rik	85	776
42	chr1	12691792	12693969	228	chr1	12692277	12861192	Sulf1	86	485
85	chr1	15804921	15806839	373	chr1	15805646	15844052	Terf1	88	725
89	chr1	19102441	19106103	449	chr1	19103022	19166346	Tfap2d	89	581
93	chr1	20889617	20893441	510	chr1	20890606	20939650	Paqr8	90	989
112	chr1	23365667	23366128	595	chr1	23366424	23397772	Ogfrl1	6	757
119	chr1	24261204	24261624	648	chr1	24261890	24587472	Col19a1	8	686
256	chr1	34677306	34679456	978	chr1	34678188	34813309	Arhgef4	94	882
324	chr1	44551309	44553700	1763	chr1	44551511	44796838	Gulp1	97	202
333	chr1	46066264	46067586	1786	chr1	46066315	46373550	Dnah7b	99	51
388	chr1	57995381	57996786	2248	chr1	57995971	58025899	Sgo2a	101	590
403	chr1	61638340	61639969	2496	chr1	61638824	62642284	Pard3b	103	484
453	chr1	62702320	62709327	2550	chr1	62703285	62818695	Nrp2	104	965
535	chr1	70725052	70726278	2894	chr1	70725715	70885397	Vwc2l	107	663
568	chr1	72858727	72859236	3033	chr1	72857932	72874884	Igfbp5	27	795
608	chr1	74542186	74543337	3144	chr1	74542888	74567794	Plcd4	110	702
650	chr1	80501764	80504405	3504	chr1	80501073	80758527	Dock10	32	691
801	chr1	99771927	99773268	4643	chr1	99772765	100485942	Cntnap5b	117	838
815	chr1	104768040	104770310	4686	chr1	104768529	104995481	Cdh20	118	489
853	chr1	109981849	109983686	4851	chr1	109982431	110140157	Cdh7	119	582
857	chr1	115684433	115685559	4903	chr1	115684756	116587323	Cntnap5a	120	323
896	chr1	119414785	119415624	5010	chr1	119415465	119422248	Inhbb	44	680
921	chr1	127204192	127208859	5345	chr1	127205015	127488336	Mgat5	121	823
976	chr1	129272568	129274565	5492	chr1	129273302	130219278	Thsd7b	123	734
1024	chr1	133044773	133047905	5820	chr1	133045667	133108687	Pik3c2b	124	894
1036	chr1	133163352	133165615	5837	chr1	133164210	133303435	Plekha6	125	858
1068	chr1	134074422	134074856	5949	chr1	134075170	134079120	Btg2	51	748
1069	chr1	134075642	134080630	5950	chr1	134075170	134079120	Btg2	51	472
1070	chr1	134198479	134199295	5969	chr1	134199223	134235431	Adora1	52	744
1078	chr1	134297131	134299775	5985	chr1	134296783	134332928	Ppfia4	53	348
1142	chr1	137897719	137903782	6350	chr1	137898595	138000384	Gm4258	127	876
1175	chr1	139453807	139455745	6453	chr1	139454772	139494091	Aspm	129	965
1177	chr1	143640066	143642208	6502	chr1	143640664	143654614	B3galt2	130	598
1179	chr1	146494140	146495804	6566	chr1	146494760	146902472	Brinp3	131	620
1235	chr1	153219304	153219816	6886	chr1	153218922	153332786	Lamc1	57	382
1306	chr1	156034949	156037154	7125	chr1	156035403	156068861	Tor1aip2	133	454
1375	chr1	166253364	166257316	7745	chr1	166254139	166316823	Ildr2	135	775
1388	chr1	169655152	169655871	8013	chr1	169655501	169695813	Rgs5	136	349
1397	chr1	172000463	172002284	8183	chr1	172000960	172028444	Vangl2	69	497
1408	chr1	172261279	172261941	8218	chr1	172261641	172319841	Igsf8	138	362
1409	chr1	172271305	172272304	8219	chr1	172271709	172298064	Atp1a2	72	404
1418	chr1	172340332	172344709	8229	chr1	172341210	172374085	Kcnj10	139	878
1433	chr1	175880131	175881573	8340	chr1	175880581	175913489	Exo1	142	450
1434	chr1	177428251	177429501	8440	chr1	177428338	177443270	Gm26801	73	87
1488	chr1	181351857	181354689	8737	chr1	181352628	181460641	Cnih3	145	771
1510	chr1	182763144	182765490	8885	chr1	182763860	182896591	Susd4	146	716
1545	chr1	185454085	185456520	9094	chr1	185454848	185468762	Slc30a10	147	763
1546	chr1	186622271	186625550	9157	chr1	186622792	186705989	Tgfb2	76	521
1580	chr1	194618603	194625310	9828	chr1	194618218	194816869	Plxna2	148	385
1610	chr10	3365418	3367921	9884	chr10	3366057	3464975	Ppp1r14c	200	639
1621	chr10	3739977	3741919	9915	chr10	3740364	3967303	Plekhg1	201	387
1739	chr10	13060089	13062839	10379	chr10	13060504	13131694	Plagl1	202	415
1830	chr10	23796050	23798592	10929	chr10	23796986	23827968	Slc18b1	205	936
1833	chr10	24222966	24224598	10942	chr10	24223517	24302790	Moxd1	206	551
1848	chr10	25358986	25361554	11008	chr10	25359798	25523519	Epb41l2	207	812
1933	chr10	36505951	36508788	11307	chr10	36506814	36834397	Hs3st5	210	863
1951	chr10	38964812	38966325	11384	chr10	38965515	39110188	Lama4	211	703
1961	chr10	42562358	42562444	11679	chr10	42561963	42583632	Nr2e1	165	395
1966	chr10	42859598	42861141	11707	chr10	42860370	42960780	Scml4	213	772
2005	chr10	50591875	50593970	12003	chr10	50592669	50851485	Ascc3	214	794
2015	chr10	52689943	52692246	12067	chr10	52690533	53111622	Slc35f1	215	590
2050	chr10	56377016	56380099	12175	chr10	56377330	56402513	Gja1	216	314
2053	chr10	57794352	57796628	12215	chr10	57794335	57811830	Smpdl3a	218	17
2071	chr10	59878701	59880716	12375	chr10	59879556	59899302	Dnajb12	221	855
2080	chr10	60276903	60278829	12431	chr10	60277627	60302597	Psap	223	724
2304	chr10	83359444	83362405	14239	chr10	83360221	83488505	D10Wsu102e	230	777
2340	chr10	86299782	86303944	14440	chr10	86300372	86349506	Timp3	232	590
2490	chr10	93248114	93248191	14890	chr10	93247414	93311135	Elk3	184	700
2529	chr10	94147091	94149123	14981	chr10	94148023	94197211	Nr2c1	236	932
2592	chr10	97479276	97479741	15257	chr10	97479609	97518143	Dcn	239	333
2604	chr10	100015272	100020527	15380	chr10	100015630	100100416	Kitl	241	358
2621	chr10	101681327	101682255	15437	chr10	101681487	102391469	Mgat4c	243	160
2629	chr10	102511713	102512123	15452	chr10	102512222	102549736	Rassf9	244	509
2712	chr10	111505519	111508927	15831	chr10	111506286	111508645	Phlda1	247	767
2737	chr10	116017460	116019966	15999	chr10	116018213	116274932	Ptprr	249	753
2797	chr10	121409522	121410062	16452	chr10	121410350	121476347	Rassf3	197	828
2810	chr10	121781138	121781509	16491	chr10	121780991	122047315	Srgap1	198	147
2848	chr10	123263665	123266442	16615	chr10	123263996	123741204	Tafa2	251	331
2875	chr10	128231235	128233314	16907	chr10	128232065	128252941	Timeless	254	830
2877	chr10	128269645	128271349	16909	chr10	128270559	128292849	Stat2	255	914
2910	chr11	5969974	5970005	17294	chr11	5969644	6066362	Camk2b	260	330
2934	chr11	6657839	6659073	17372	chr11	6658521	6677475	Ramp3	317	682
3008	chr11	16751732	16753466	17647	chr11	16752203	16918158	Egfr	319	471
3037	chr11	23664996	23667573	17991	chr11	23665674	23732876	Pus10	320	678
3055	chr11	29129884	29131602	18186	chr11	29130744	29161828	Pnpt1	322	860
3059	chr11	31872739	31873539	18305	chr11	31872211	31935634	Cpeb4	323	528
3299	chr11	44616389	44622736	19099	chr11	44617317	45008091	Ebf1	326	928
3345	chr11	51289314	51291176	19473	chr11	51289920	51583918	Col23a1	327	606
3387	chr11	52764054	52766562	19637	chr11	52764634	53188538	Fstl4	328	580
3438	chr11	57010839	57013727	19964	chr11	57011387	57330244	Gria1	329	548
3467	chr11	61956177	61957981	20418	chr11	61956763	62223013	Specc1	331	586
3489	chr11	62575033	62576742	20460	chr11	62574486	62600515	Trpv2	332	547
3517	chr11	68208681	68208870	20869	chr11	68209364	68400823	Ntn1	279	683
3545	chr11	71749560	71753118	21190	chr11	71749920	71789647	Wscd1	334	360
3601	chr11	77930177	77935697	21781	chr11	77930800	77979048	Sez6	337	623
3616	chr11	78094010	78095488	21805	chr11	78094660	78156700	Fam222b	338	650
3620	chr11	78300873	78302471	21824	chr11	78301529	78322457	Spag5	339	656
3623	chr11	78327687	78329435	21827	chr11	78328415	78342782	Pigs	340	728
3627	chr11	79014360	79014574	21912	chr11	79013440	79146407	Ksr1	283	920
3651	chr11	80088895	80090345	22022	chr11	80089400	80135794	Atad5	342	505
3697	chr11	86200371	86202642	22534	chr11	86201370	86304443	Brip1os	345	999
3817	chr11	93097127	93100617	23032	chr11	93098028	93601749	Car10	348	901
3871	chr11	95957057	95957879	23313	chr11	95957163	96005940	Igf2bp1	293	106
3875	chr11	97508846	97512238	23532	chr11	97509340	97576186	Srcin1	294	494
3917	chr11	101464305	101469934	23996	chr11	101464999	101471853	Rnd2	352	694
3924	chr11	101626290	101628600	24015	chr11	101627195	101636100	Rdm1	353	905
4046	chr11	108919463	108923643	24733	chr11	108920349	108950783	Axin2	359	886
4064	chr11	109450657	109450996	24802	chr11	109450855	109473598	Slc16a6	306	198
4075	chr11	113777027	113777256	25159	chr11	113776374	114067046	Sdk2	309	653
4154	chr11	118490216	118491573	25848	chr11	118489762	118911597	Rbfox3	314	454
4249	chr12	3805820	3812553	26303	chr12	3806007	3914443	Dnmt3a	400	187
4265	chr12	4916497	4918748	26401	chr12	4917353	5047394	Atad2b	401	856
4336	chr12	17265591	17268058	27006	chr12	17266545	17284770	Pdia6	402	954
4341	chr12	28910440	28910947	27448	chr12	28910229	29041874	Gm31508	404	211
4400	chr12	29937244	29939703	27550	chr12	29937608	30017658	Pxdn	406	364
4410	chr12	31264576	31267557	27617	chr12	31265234	31329644	Lamb1	407	658
4506	chr12	50341613	50342493	28316	chr12	50341231	50649098	Prkd1	378	382
4729	chr12	75307405	75309244	29481	chr12	75308322	75401456	Rhoj	417	917
4764	chr12	78747913	78749992	29707	chr12	78748907	78840714	Mpp5	420	994
4767	chr12	80108723	80116744	29814	chr12	80107754	80113013	Zfp36l1	386	969
4768	chr12	81026022	81028429	29905	chr12	81026808	81186414	Smoc1	421	786
4784	chr12	81859062	81862909	29971	chr12	81860023	82000924	Pcnx	422	961
4794	chr12	82168508	82172369	29992	chr12	82169320	82451786	Sipa1l1	423	812
4827	chr12	84008590	84012248	30149	chr12	84009490	84018371	Acot1	424	900
4832	chr12	85340893	85342436	30282	chr12	85340614	85374847	Tmed10	387	279
4843	chr12	88722443	88723381	30571	chr12	88722876	90334935	Nrxn3	427	433
5075	chr12	109452052	109454684	31941	chr12	109452823	109463336	Dlk1	431	771
5112	chr12	117516353	117516607	32528	chr12	117516479	117759737	Rapgef5	437	126
5215	chr13	18120476	18120762	33105	chr13	18121098	18397686	Pou6f2	440	622
5268	chr13	24844634	24846057	33474	chr13	24845135	24901270	D130043K22Rik	503	501
5380	chr13	38344447	38347983	34094	chr13	38345107	38500302	Bmp6	506	660
5388	chr13	43615023	43617060	34444	chr13	43615710	43670945	Rnf182	507	687
5394	chr13	45548817	45549475	34630	chr13	45549755	45965008	Atxn1	451	938
5456	chr13	46417795	46420767	34742	chr13	46418434	46431095	Rbm24	508	639
5471	chr13	53109236	53110647	35290	chr13	53109312	53286124	Ror2	455	76
5503	chr13	56702335	56705433	35756	chr13	56703010	56742377	Smad5	511	675
5506	chr13	58805889	58810570	35980	chr13	58806569	59133970	Ntrk2	512	680
5586	chr13	73466530	73468505	36701	chr13	73467197	73516422	Lpcat1	513	667
5593	chr13	73732280	73734560	36723	chr13	73733094	73816754	Slc12a7	514	814
5668	chr13	84025286	84025758	37027	chr13	84025297	84064772	Gm17750	468	11
5672	chr13	91459684	91463566	37202	chr13	91460283	91703429	Ssbp2	517	599
5688	chr13	92353794	92356592	37253	chr13	92354726	92389053	Dhfr	518	932
5702	chr13	93299454	93299507	37311	chr13	93299635	93405129	Homer1	520	181
5708	chr13	93770749	93772970	37342	chr13	93771630	93943016	Arsb	521	881
5721	chr13	94056996	94060228	37362	chr13	94057796	94195409	Lhfpl2	522	800
5737	chr13	95025430	95025806	37445	chr13	95024454	95250336	Pde8b	470	976
5820	chr13	97899383	97901219	37690	chr13	97899469	98206439	Arhgef28	476	86
5893	chr13	102733005	102733391	38047	chr13	102732486	103334497	Mast4	484	519
5950	chr13	104204363	104204669	38138	chr13	104205124	104228843	Ppwd1	487	761
5952	chr13	104227969	104229614	38139	chr13	104228611	104252392	Cenpk	525	642
6018	chr13	112463161	112465303	38625	chr13	112464070	112510086	Il6st	528	909
6021	chr13	112659902	112661846	38632	chr13	112660751	112738749	Slc38a9	529	849
6030	chr13	114953353	114953554	38787	chr13	114953096	115101964	Itga1	494	257
6045	chr13	117601940	117604377	38877	chr13	117602320	117987418	Hcn1	530	380
6061	chr14	7817419	7819874	38978	chr14	7817957	7951588	Flnb	574	538
6222	chr14	20347218	20348980	39548	chr14	20348162	20383491	Fam149b	578	944
6236	chr14	25258483	25259051	39975	chr14	25257523	25461128	Zmiz1os1	536	960
6287	chr14	27428021	27430188	40144	chr14	27428834	27483555	Tasor	581	813
6289	chr14	28503776	28512019	40206	chr14	28504750	28527448	Wnt5a	582	974
6334	chr14	30547994	30551768	40361	chr14	30548359	30574720	Tkt	583	365
6338	chr14	31000731	31002550	40390	chr14	31001400	31011991	Glt8d1	584	669
6386	chr14	47648222	47650649	41051	chr14	47648448	47739894	Ktn1	588	226
6420	chr14	55059887	55067407	41448	chr14	55060262	55092324	Zfhx2	546	375
6443	chr14	58069899	58077201	41652	chr14	58070547	58112720	Fgf9	592	648
6498	chr14	60633353	60638504	41794	chr14	60634001	60764556	Spata13	593	648
6535	chr14	61603062	61603480	41885	chr14	61602839	61682373	Dleu2	552	223
6539	chr14	62292046	62293614	41933	chr14	62292589	62372992	Rnaseh2b	594	543
6562	chr14	65805391	65807128	42303	chr14	65805837	65817822	Pbk	596	446
6564	chr14	65967830	65971825	42318	chr14	65968483	65981547	Clu	597	653
6566	chr14	66153957	66155320	42333	chr14	66153257	66281052	Ptk2b	555	700
6585	chr14	70473600	70474283	42694	chr14	70474558	70520234	Bmp1	557	958
6626	chr14	79288282	79289447	43317	chr14	79288756	79301645	Rgcc	560	474
6779	chr14	105892818	105899501	44054	chr14	105891947	105896819	Spry2	568	871
6780	chr14	111674289	111678227	44119	chr14	111675097	111683141	Slitrk5	604	808
6782	chr14	116924698	116929264	44222	chr14	116925315	117976544	Gpc6	605	617
6931	chr14	122106348	122108029	44621	chr14	122107038	122159604	Tm9sf2	608	690
6988	chr15	8967292	8968564	44957	chr15	8967949	9067335	Ranbp3l	660	657
7015	chr15	12359952	12360131	45108	chr15	12359711	12739924	Pdzd2	614	241
7067	chr15	16728332	16729153	45231	chr15	16728756	16857094	Cdh9	661	424
7070	chr15	18818208	18821854	45257	chr15	18818947	19014236	Cdh10	662	739
7077	chr15	20448592	20449704	45285	chr15	20449265	21589533	Cdh12	663	673
7168	chr15	32240112	32240739	45791	chr15	32240565	32244662	Snhg18	618	453
7207	chr15	32778230	32779663	45832	chr15	32778904	32796006	Gm32618	667	674
7209	chr15	32919916	32921586	45834	chr15	32920723	33034935	Sdc2	668	807
7214	chr15	33082980	33083623	45839	chr15	33083129	33594552	Cpq	669	149
7223	chr15	34237314	34239698	45859	chr15	34238028	34284302	Laptm4b	671	714
7228	chr15	36178891	36180260	45949	chr15	36178099	36235621	Spag1	672	792
7232	chr15	38290653	38291401	46139	chr15	38291463	38300706	Klf10	619	810
7235	chr15	39005776	39007140	46180	chr15	39006034	39038188	Fzd6	673	258
7265	chr15	44195688	44196511	46367	chr15	44196135	44235912	Trhr	675	447
7266	chr15	44672200	44672942	46390	chr15	44671856	44788063	Sybu	622	344
7350	chr15	55556682	55558067	46685	chr15	55557408	55626423	Mtbp	676	726
7383	chr15	57911412	57913635	46790	chr15	57912199	57970067	Tbc1d31	678	787
7409	chr15	66577048	66578794	47238	chr15	66577560	66647976	Phf20l1	680	512
7509	chr15	77760122	77760355	48014	chr15	77760587	77842175	Myh9	634	465
7526	chr15	77941237	77942627	48040	chr15	77940522	77956722	Foxred2	635	715
7544	chr15	78754940	78754978	48147	chr15	78755882	78773475	Mfng	637	942
7548	chr15	79155376	79155911	48215	chr15	79154908	79165240	Sox10	638	468
7584	chr15	85205066	85209720	48946	chr15	85205949	85286535	Fbln1	686	883
7603	chr15	85899358	85901412	49028	chr15	85898929	86033777	Celsr1	641	429
7629	chr15	87543392	87547792	49201	chr15	87544299	87759364	Tafa5	687	907
7663	chr15	89155286	89155503	49368	chr15	89155549	89180788	Plxnb2	643	263
7687	chr15	92050622	92052778	49511	chr15	92051165	92341967	Cntn1	688	543
7705	chr15	92396431	92399516	49531	chr15	92396881	92771819	Pdzrn4	689	450
7744	chr15	93499843	93500322	49610	chr15	93499114	93595891	Prickle1	647	729
7777	chr15	96688049	96688411	49880	chr15	96687392	96699730	Slc38a2	649	657
7783	chr15	99028999	99031022	50105	chr15	99029891	99038110	Tuba1c	690	892
7785	chr15	99392006	99393993	50149	chr15	99392882	99410049	Tmbim6	691	876
7786	chr15	99619662	99620294	50186	chr15	99620496	99651656	Racgap1	652	834
7791	chr15	99777892	99778805	50208	chr15	99778470	99875456	Lima1	653	578
7820	chr15	100869654	100872495	50330	chr15	100869858	101045938	Scn8a	693	204
7859	chr15	103502187	103504341	50658	chr15	103503034	103530052	Pde1b	694	847
7864	chr16	5306292	5307950	50798	chr16	5306801	5450664	Gm41414	731	509
7926	chr16	14162522	14164104	51423	chr16	14163275	14192928	Nde1	733	753
8032	chr16	26580875	26582756	52144	chr16	26581704	26730117	Il1rap	737	829
8046	chr16	32608018	32610444	52554	chr16	32608920	32632794	Tfrc	739	902
8047	chr16	32643382	32646098	52558	chr16	32643874	32683493	Tnk2	740	492
8052	chr16	33683741	33687953	52640	chr16	33684370	33771576	Heg1	741	629
8070	chr16	33829040	33831067	52660	chr16	33829665	33949338	Itgb5	742	625
8170	chr16	34744780	34746249	52776	chr16	34745210	35002420	Mylk	743	430
8225	chr16	37776284	37778983	52975	chr16	37776873	37836514	Fstl1	747	589
8280	chr16	39983995	39986218	53112	chr16	39984361	42181679	Lsamp	750	366
8452	chr16	43888955	43890902	53314	chr16	43889800	43964314	Ccdc191	752	845
8465	chr16	44485823	44487104	53355	chr16	44485049	44558897	Boc	712	774
8484	chr16	45092992	45094897	53402	chr16	45093402	45128077	Ccdc80	753	410
8517	chr16	49801315	49801676	53563	chr16	49800533	49915010	Cd47	755	782
8640	chr16	72307409	72308347	54201	chr16	72308306	73046095	Robo1	758	897
8783	chr16	78930318	78931783	54541	chr16	78930948	78951733	Chodl	760	630
8787	chr16	81200052	81203383	54584	chr16	81200697	81626828	Ncam2	761	645
8897	chr16	96467139	96469710	55582	chr16	96467606	96525793	Pcp4	765	467
8930	chr17	6256634	6257304	56014	chr17	6256860	6308314	Tmem181a	795	226
9066	chr17	17402070	17405982	56744	chr17	17402672	17459387	Lix1	797	602
9076	chr17	22360610	22362104	56805	chr17	22361453	22377281	Zfp758	798	843
9081	chr17	24487644	24491206	56919	chr17	24488601	24508671	Caskin1	799	957
9093	chr17	25578381	25580365	57040	chr17	25579085	25662826	Lmf1	801	704
9108	chr17	26662477	26664041	57179	chr17	26663231	26699647	Atp6v0e	802	754
9113	chr17	26714854	26717122	57185	chr17	26715650	26776635	Crebrf	803	796
9116	chr17	27654858	27657603	57344	chr17	27655509	27711482	Pacsin1	804	651
9133	chr17	29827669	29829406	57663	chr17	29827949	29970087	Mdga1	776	280
9169	chr17	32505246	32507365	58024	chr17	32506050	32530143	Cyp4f17	808	804
9175	chr17	33842628	33843995	58083	chr17	33843091	33849774	Cd320	810	463
9176	chr17	33875788	33875972	58085	chr17	33875659	33890661	Kifc1	779	129
9182	chr17	35049391	35052791	58218	chr17	35049966	35058749	Clic1	812	575
9184	chr17	35058437	35061327	58219	chr17	35059035	35062095	Ddah2	813	598
9186	chr17	35682193	35682252	58299	chr17	35681567	35704621	Ddr1	781	626
9190	chr17	35840720	35842546	58320	chr17	35841515	35859670	Mdc1	814	795
9193	chr17	39842773	39849053	58415	chr17	39843013	39846341	Gm26917	815	240
9194	chr17	42315326	42317283	58432	chr17	42315947	42505077	Ptchd4	816	621
9203	chr17	43567465	43569942	58484	chr17	43568098	43612201	Pla2g7	818	633
9258	chr17	56302588	56305274	59337	chr17	56303321	56323486	Uhrf1	820	733
9285	chr17	64599794	64602832	59667	chr17	64600736	64755110	Man2a1	821	942
9297	chr17	66122904	66124430	59759	chr17	66123520	66152174	Ddx11	822	616
9298	chr17	67696560	67699409	59881	chr17	67697259	67822647	Lama1	823	699
9305	chr17	69968254	69970988	60014	chr17	69969073	70821413	Dlgap1	824	819
9352	chr17	71182331	71185444	60102	chr17	71182560	71249817	Lpin2	825	229
9357	chr17	71868814	71870647	60144	chr17	71868972	72604627	Alk	789	158
9497	chr17	78507098	78509600	60470	chr17	78508064	78627408	Vit	828	966
9597	chr17	93198843	93204282	61402	chr17	93199017	93206537	Adcyap1	831	174
9602	chr18	4919854	4922700	61494	chr18	4920540	5119299	Svil	861	686
9620	chr18	5590935	5594495	61537	chr18	5591860	5775467	Zeb1	862	925
9636	chr18	9706878	9709174	61679	chr18	9707595	9882644	Colec12	863	717
9696	chr18	23414315	23415588	62234	chr18	23415135	23659715	Dtna	864	820
9729	chr18	25478407	25478526	62372	chr18	25477632	25754157	Celf4	834	775
9790	chr18	34858823	34863862	62794	chr18	34859823	34864984	Egr1	866	1000
9795	chr18	35267289	35267383	62828	chr18	35266396	35499780	Sil1	841	893
9853	chr18	36280105	36282846	62956	chr18	36281097	36292535	Pura	867	992
9941	chr18	46235622	46235889	63557	chr18	46235351	46280993	Pggt1b	846	271
9963	chr18	49831692	49834274	63706	chr18	49832670	49965473	Dmxl1	870	978
9965	chr18	49978505	49980820	63710	chr18	49979427	50107173	Tnfaip8	871	922
10001	chr18	57132567	57135055	64122	chr18	57133090	57297467	Megf10	873	523
10044	chr18	58835741	58838095	64252	chr18	58836667	59054060	Adamts19	874	926
10061	chr18	61044623	61049211	64379	chr18	61045150	61085061	Pdgfrb	876	527
10067	chr18	62921326	62924625	64533	chr18	62922231	62961179	Apcdd1	877	905
10090	chr18	65872076	65874459	64776	chr18	65872820	65886596	Grp	879	744
10094	chr18	69343734	69353532	65045	chr18	69343356	69689079	Tcf4	880	378
10202	chr18	74194631	74194920	65320	chr18	74195299	74207818	Ska1	855	668
10204	chr18	74940122	74940358	65376	chr18	74939322	74961263	Lipg	856	800
10335	chr18	84128255	84130475	66195	chr18	84128027	84589725	Zfp407	860	228
10378	chr18	86710186	86713873	66291	chr18	86711110	86718283	Cbln2	886	924
10380	chr18	88971226	88972591	66326	chr18	88971790	89131016	Rttn	887	564
10417	chr19	6334064	6336037	66697	chr19	6334979	6340891	Men1	917	915
10428	chr19	7493340	7496576	66853	chr19	7494040	7539674	Atl3	920	700
10438	chr19	9109997	9110955	66930	chr19	9109868	9135636	Asrgl1	895	129
10442	chr19	10062167	10062258	66963	chr19	10062765	10101746	Fads2	897	598
10468	chr19	14447414	14447926	67151	chr19	14448150	14598051	Tle4	899	736
10480	chr19	15903709	15904430	67230	chr19	15904678	15947337	Psat1	900	969
10510	chr19	18670038	18673378	67355	chr19	18670764	18707200	Carnmt1	924	726
10533	chr19	22138336	22139832	67490	chr19	22139046	22995410	Trpm3	926	710
10594	chr19	23686885	23688863	67594	chr19	23687429	23731668	Ptar1	928	544
10663	chr19	27215652	27219557	67873	chr19	27216484	27254231	Vldlr	930	832
10675	chr19	37020859	37021238	68346	chr19	37021291	37208601	Cpeb3	907	432
10689	chr19	38263538	38265817	68441	chr19	38264536	38312214	Lgi1	936	998
10747	chr19	42268181	42268691	68693	chr19	42268287	42431785	Crtac1	909	106
10791	chr19	45014347	45019310	68950	chr19	45014414	45027111	Lzts2	943	67
10976	chr19	59260142	59261992	70102	chr19	59260896	59296012	Slc18a2	947	754
10985	chr19	60144283	60145183	70163	chr19	60144675	60162591	E330013P04Rik	949	392
10989	chr19	60837637	60838230	70217	chr19	60837277	60861479	Sfxn4	915	360
10991	chr19	60889000	60891562	70222	chr19	60889749	61095968	Grk5	950	749
11003	chr2	4989054	4989191	70430	chr2	4989714	5012791	Mcm10	951	660
11050	chr2	6539977	6541746	70571	chr2	6539694	7509563	Celf2	953	283
11150	chr2	10153312	10154208	70761	chr2	10153571	10256529	Itih5	1034	259
11157	chr2	12923245	12924741	70902	chr2	12924041	13003455	Pter	1035	796
11245	chr2	21366832	21369249	71244	chr2	21367542	21830547	Gpr158	1039	710
11254	chr2	22894613	22896439	71277	chr2	22895522	22940266	Pdss1	1041	909
11270	chr2	25465979	25466167	71408	chr2	25466709	25470046	Ptgds	959	730
11276	chr2	26458595	26458959	71508	chr2	26457903	26516663	Notch1	961	692
11298	chr2	29059496	29061084	71853	chr2	29060262	29087656	Ttf1	1044	766
11300	chr2	31151719	31153092	72125	chr2	31152316	31218775	Gpr107	1045	597
11308	chr2	31886914	31887874	72237	chr2	31887291	31946539	Lamc3	1046	377
11320	chr2	32646452	32646737	72339	chr2	32646595	32682669	Eng	1047	143
11325	chr2	33935528	33936353	72529	chr2	33935788	33942145	Gm13403	962	260
11351	chr2	34771011	34774023	72609	chr2	34771970	34777547	Hspa5	1048	959
11357	chr2	37799159	37800789	72808	chr2	37798991	38287390	Dennd1a	964	168
11406	chr2	38338288	38343557	72864	chr2	38339281	38369733	Lhx2	1050	993
11499	chr2	49786957	49789398	73265	chr2	49787688	49948849	Lypd6b	1053	731
11549	chr2	58267289	58267595	73658	chr2	58267453	58357895	Acvr1c	970	164
11556	chr2	59611169	59614226	73762	chr2	59612042	59846149	Tanc1	1056	873
11643	chr2	61802593	61807863	73938	chr2	61802930	61814114	Tbr1	1057	337
11646	chr2	62663803	62665264	73990	chr2	62664285	62694109	Gca	1058	482
11678	chr2	65620425	65622252	74097	chr2	65620771	65767447	Scn2a	1059	346
11686	chr2	65845097	65849684	74110	chr2	65845767	66031546	Csrnp3	1060	670
11726	chr2	68860599	68864208	74262	chr2	68861441	69114282	Cers6	1061	842
11757	chr2	71117496	71119341	74430	chr2	71117923	71142926	Cybrd1	1063	427
11762	chr2	71388549	71390203	74459	chr2	71388958	71441622	Hat1	1064	409
11766	chr2	71452499	71454037	74464	chr2	71453276	71525194	Metap1d	1065	777
11772	chr2	71516889	71517881	74470	chr2	71516454	71537891	Dlx1as	980	435
11790	chr2	72475536	72479545	74580	chr2	72476159	72486893	Cdca7	1068	623
11791	chr2	73428994	73429540	74660	chr2	73429610	73529734	Wipf1	982	616
11881	chr2	79254695	79256292	75073	chr2	79255426	79333123	Itga4	1071	731
11889	chr2	79634588	79636657	75105	chr2	79635352	79672966	Itprid2	1072	764
11907	chr2	83723584	83726185	75188	chr2	83724397	83806916	Itgav	1074	813
11946	chr2	91201993	91203691	75359	chr2	91202885	91214098	Acp2	1077	892
11982	chr2	96317232	96320109	75754	chr2	96318169	97631666	Lrrc4c	1079	937
12012	chr2	101950805	101951480	75852	chr2	101950203	102186385	Ldlrad3	994	602
12132	chr2	109916973	109919152	76325	chr2	109917647	110014257	Lgr4	1085	674
12140	chr2	110016987	110018831	76333	chr2	110017817	110173360	Ccdc34	1086	830
12177	chr2	115580977	115582458	76551	chr2	115581716	115778768	BC052040	1087	739
12229	chr2	118387720	118389607	76727	chr2	118388618	118475234	Eif2ak4	1089	898
12235	chr2	118597545	118599217	76746	chr2	118598211	118641591	Bub1b	1090	666
12248	chr2	120628125	120629884	76905	chr2	120629121	120731895	Stard9	1093	996
12260	chr2	124089591	124091639	77074	chr2	124089969	124667770	Sema6d	1096	378
12304	chr2	125246656	125248823	77147	chr2	125247190	125258608	Dut	1097	534
12308	chr2	125563942	125564256	77166	chr2	125563088	125625113	Cep152	1001	854
12314	chr2	126706620	126708427	77224	chr2	126707328	126759297	Usp8	1098	708
12328	chr2	129591977	129595038	77424	chr2	129592835	129632228	Sirpa	1102	858
12344	chr2	131186156	131188062	77549	chr2	131186949	131198497	Cdc25b	1103	793
12346	chr2	131909062	131911962	77612	chr2	131909928	131938429	Prnp	1104	866
12354	chr2	132780668	132782549	77690	chr2	132781278	132795079	Chgb	1105	610
12355	chr2	134785534	134788776	77762	chr2	134786067	135475258	Plcb1	1106	533
12401	chr2	135658066	135660465	77817	chr2	135659011	136014593	Plcb4	1107	945
12446	chr2	137080953	137081386	77905	chr2	137081456	137116644	Jag1	1009	503
12541	chr2	152847015	152849100	78686	chr2	152847964	152895321	Tpx2	1111	949
12542	chr2	153648664	153651248	78780	chr2	153649450	153687730	Dnmt3b	1112	786
12551	chr2	157278237	157280299	79138	chr2	157279017	157326319	Rpn2	1113	780
12575	chr2	158375137	158376992	79323	chr2	158375638	158386145	Snhg11	1116	501
12661	chr2	164496776	164498279	79842	chr2	164497520	164508301	Pigt	1117	744
12662	chr2	164832052	164834910	79865	chr2	164832873	164841032	Ctsa	1118	821
12663	chr2	164960397	164962599	79889	chr2	164960802	164999731	Slc12a5	1119	405
12833	chr2	172867452	172867963	80987	chr2	172868012	172940321	Bmp7	1028	560
12838	chr2	173224822	173225243	81031	chr2	173224458	173276533	Pmepa1	1029	364
12948	chr2	181306696	181307760	81591	chr2	181306459	181314500	Stmn3	1032	237
12950	chr2	181364263	181366469	81595	chr2	181364928	181383628	Zgpat	1126	665
12953	chr2	181837285	181838946	81631	chr2	181837854	181857461	Pcmtd2	1127	569
12954	chr3	5217750	5221833	81657	chr3	5218526	5415857	Zfhx4	1181	776
12972	chr3	8508720	8512342	81723	chr3	8509360	8561606	Stmn2	1182	640
13002	chr3	14533229	14534965	81936	chr3	14533788	14572658	Lrrcc1	1183	559
13003	chr3	14578010	14580238	81937	chr3	14578641	14606309	E2f5	1184	631
13017	chr3	25427189	25427260	82197	chr3	25426215	26332460	Nlgn1	1130	974
13085	chr3	29081430	29083754	82386	chr3	29082023	29691209	Egfem1	1185	593
13149	chr3	31149278	31150294	82495	chr3	31149920	31164324	Cldn11	1186	642
13153	chr3	32335046	32335129	82538	chr3	32334792	32366014	Zmat3	1134	254
13157	chr3	33799109	33801061	82602	chr3	33799832	33814860	Ttc14	1187	723
13159	chr3	34103908	34105235	82617	chr3	34104270	34682619	Sox2ot	1188	362
13213	chr3	36862421	36864135	82789	chr3	36863104	37053033	4932438A13Rik	1189	683
13225	chr3	40531057	40532857	82975	chr3	40531286	40704774	Intu	1191	229
13234	chr3	40744031	40746813	82984	chr3	40744495	40796103	Hspa4l	1192	464
13305	chr3	53514488	53515259	83449	chr3	53513938	53657355	Frem2	1138	550
13365	chr3	59004860	59008023	83763	chr3	59005825	59318682	Med12l	1197	965
13395	chr3	62338326	62341281	83848	chr3	62338344	62462221	Arhgef26	1199	18
13422	chr3	65380119	65380540	83946	chr3	65379655	65392623	Ssr3	1142	464
13435	chr3	66219285	66222594	84004	chr3	66219910	66225805	Ptx3	1201	625
13564	chr3	86786192	86790793	84875	chr3	86786151	86920852	Dclk2	1151	41
13616	chr3	88436380	88437519	85042	chr3	88435959	88461182	Sema4a	1155	421
13621	chr3	88744301	88744747	85087	chr3	88744700	88775164	Syt11	1156	399
13635	chr3	89436135	89438037	85152	chr3	89436706	89450952	Pbxip1	1211	571
13637	chr3	89519342	89523293	85160	chr3	89520164	89675132	Kcnn3	1212	822
13663	chr3	93554316	93556371	85315	chr3	93555080	93564643	S100a10	1213	764
13671	chr3	98012784	98016087	85646	chr3	98013527	98150361	Notch2	1215	743
13696	chr3	98312738	98313601	85688	chr3	98313170	98339990	Phgdh	1159	432
13718	chr3	104863633	104866040	86126	chr3	104864005	104930064	St7l	1216	372
13730	chr3	108653015	108655065	86438	chr3	108653913	108678840	Clcc1	1218	898
13751	chr3	114029563	114032813	86565	chr3	114030540	114220718	Col11a1	1219	977
13788	chr3	117574394	117577520	86728	chr3	117574836	117689507	Plppr5	1220	442
13795	chr3	118561711	118563347	86779	chr3	118562129	119432924	Dpyd	1221	418
13824	chr3	121952710	121954312	86956	chr3	121952541	122016753	Arhgap29	1222	169
13828	chr3	122728509	122731481	87022	chr3	122728947	122859374	Pde5a	1223	438
13843	chr3	123446272	123448544	87075	chr3	123446913	123506597	Prss12	1224	641
13858	chr3	125403683	125404738	87131	chr3	125404076	125728899	Ndst4	1225	393
13863	chr3	126595527	126598928	87156	chr3	126596302	126846326	Camk2d	1226	775
13935	chr3	135211638	135213436	87620	chr3	135212537	135273611	Cenpe	1232	899
13937	chr3	135824397	135826937	87658	chr3	135825279	135888572	Slc39a8	1233	882
13969	chr3	137866868	137868785	87760	chr3	137867675	137916557	Dnajb14	1237	807
13993	chr3	145647409	145654425	88137	chr3	145646976	145649981	Ccn1	1177	433
13994	chr3	145757824	145760265	88149	chr3	145758675	145894277	Ddah1	1239	851
14041	chr3	151437745	151438096	88480	chr3	151437887	151545086	Adgrl4	1241	142
14044	chr3	152713672	152714862	88555	chr3	152714100	152980408	Pigk	1242	428
14135	chr3	159494755	159495889	88891	chr3	159495433	159529955	Depdc1a	1244	678
14136	chr3	159839260	159841662	88895	chr3	159839672	159938664	Wls	1245	412
14192	chr4	11155463	11158482	89261	chr4	11156431	11174379	Trp53inp1	1306	968
14196	chr4	11558259	11559660	89283	chr4	11558922	11615805	Rad54b	1307	663
14247	chr4	20041260	20042981	89561	chr4	20042052	20066750	Ggh	1310	792
14248	chr4	21766397	21767671	89619	chr4	21767156	21837872	Usp45	1311	759
14252	chr4	24495572	24497357	89699	chr4	24496451	24602950	Mms22l	1312	879
14266	chr4	28812220	28816228	89794	chr4	28813131	28967499	Epha7	1313	911
14325	chr4	41390013	41390583	90303	chr4	41390745	41464887	Kif24	1255	732
14327	chr4	41658333	41663138	90335	chr4	41657498	41697089	Cntfr	1256	835
14335	chr4	44300369	44301875	90485	chr4	44300876	44364675	Melk	1315	507
14343	chr4	45965365	45965390	90658	chr4	45965334	46034761	Tdrd7	1316	31
14400	chr4	47207728	47209109	90798	chr4	47208161	47313167	Col15a1	1317	433
14432	chr4	53030549	53030993	91037	chr4	53030787	53159895	Abca1	1260	238
14477	chr4	62964829	62966438	91602	chr4	62965573	63139708	Zfp618	1322	744
14648	chr4	80910328	80912539	92117	chr4	80910646	80955628	Lurap1l	1325	318
14759	chr4	84274154	84274666	92381	chr4	84275095	84675275	Bnc2	1272	941
14781	chr4	84883646	84885816	92410	chr4	84884309	85131921	Cntln	1328	663
14939	chr4	100095324	100097335	93113	chr4	100095791	100444765	Ror1	1330	467
14960	chr4	105156567	105159838	93483	chr4	105157347	105232764	Plpp3	1331	780
15120	chr4	126556358	126557843	95069	chr4	126556935	126593903	Clspn	1340	577
15184	chr4	129147748	129147881	95360	chr4	129148005	129189727	S100pbp	1288	257
15185	chr4	129148407	129148713	95361	chr4	129148005	129189727	S100pbp	1288	402
15320	chr4	141009728	141013199	97045	chr4	141010418	141015984	Mfap2	1346	690
15324	chr4	141857142	141858929	97174	chr4	141858142	141874920	Efhd2	1295	1000
15327	chr4	142103280	142103574	97214	chr4	142102390	142239401	Kazn	1296	890
15349	chr4	148097879	148098448	97471	chr4	148098437	148130698	Draxin	1298	558
15368	chr4	149716144	149716218	97746	chr4	149715375	149738044	Tmem201	1300	769
15376	chr4	152072228	152073167	98093	chr4	152072498	152115400	Plekhg5	1348	270
15395	chr4	154056641	154057184	98391	chr4	154056253	154140208	Trp73	1301	388
15506	chr5	3340550	3345044	98696	chr5	3341485	3531008	Cdk6	1416	935
15529	chr5	3543306	3544770	98719	chr5	3543833	3570238	Fam133b	1417	527
15544	chr5	8660127	8660970	98894	chr5	8660077	8748575	Abcb1a	1418	50
15559	chr5	12382970	12384515	98955	chr5	12383385	12588948	Sema3d	1419	415
15588	chr5	14024922	14026507	98995	chr5	14025276	14256689	Sema3e	1421	354
15601	chr5	14514235	14516186	99011	chr5	14514918	14863459	Pclo	1422	683
15646	chr5	16553167	16554180	99073	chr5	16553495	16620152	Hgf	1424	328
15647	chr5	17573566	17575853	99096	chr5	17574281	17730268	Sema3c	1425	715
15711	chr5	21185430	21187279	99208	chr5	21186255	21315132	Gsap	1427	825
15754	chr5	22745308	22747706	99309	chr5	22746059	23275597	Lhfpl3	1428	751
15796	chr5	25759294	25762183	99561	chr5	25759997	25850688	Actr3b	1429	703
15807	chr5	26816954	26818106	99589	chr5	26817203	27727505	Dpp6	1430	249
15862	chr5	30665988	30668000	99789	chr5	30666777	30674830	Cenpa	1431	789
15864	chr5	30868759	30870487	99821	chr5	30868012	30879180	Tmem214	1432	747
15867	chr5	31140355	31140717	99851	chr5	31140654	31154251	Mpv17	1362	299
15877	chr5	33720932	33725329	100029	chr5	33721674	33737068	Fgfr3	1435	742
15935	chr5	38138169	38139215	100532	chr5	38137192	38159907	Nsg1	1366	977
16016	chr5	52741177	52742839	101097	chr5	52741574	52769340	Pi4k2b	1441	397
16056	chr5	62601914	62602083	101307	chr5	62602445	62766159	Arap2	1373	531
16067	chr5	63648137	63650841	101331	chr5	63649102	63810546	Nwd2	1443	965
16075	chr5	64709173	64709538	101411	chr5	64708207	64804117	Gm20033	1374	966
16160	chr5	74591472	74591789	101986	chr5	74592447	74702912	Lnx1	1378	975
16180	chr5	75574107	75579204	102071	chr5	75574916	75656722	Kit	1448	809
16196	chr5	76587874	76590238	102130	chr5	76588698	76646466	Cep135	1450	824
16199	chr5	77086057	77086208	102175	chr5	77086988	77115121	Hopx	1380	931
16205	chr5	77264511	77267643	102192	chr5	77265491	77286432	Rest	1451	980
16258	chr5	88886053	88888658	102441	chr5	88886818	89239653	Slc4a4	1453	765
16302	chr5	91517286	91520182	102573	chr5	91517615	91626894	Parm1	1454	329
16351	chr5	97882734	97884595	102848	chr5	97882783	98031043	Antxr2	1384	49
16375	chr5	99218112	99218863	102928	chr5	99217426	99729065	Rasgef1b	1386	686
16469	chr5	104458660	104461421	103387	chr5	104459450	104505819	Pkd2	1458	790
16473	chr5	104507888	104509490	103391	chr5	104508352	104522611	BC005561	1459	464
16502	chr5	105875576	105878441	103447	chr5	105876565	105915818	Zfp326	1463	989
16511	chr5	106963657	106965311	103544	chr5	106964322	106984432	Cdc7	1464	665
16541	chr5	110543461	110545350	103733	chr5	110544355	110621380	Galnt9	1467	894
16641	chr5	112419472	112419999	104033	chr5	112419151	112577185	Sez6l	1394	321
16674	chr5	112910114	112910906	104129	chr5	112910482	113015791	Grk3	1395	368
16684	chr5	113085498	113087556	104154	chr5	113086323	113221236	2900026A02Rik	1396	825
16716	chr5	115142993	115145248	104479	chr5	115142981	115158179	Mlec	1397	12
16761	chr5	117780527	117781189	104802	chr5	117781032	117958840	Nos1	1470	505
16790	chr5	120533645	120536981	105181	chr5	120534153	120588673	Tpcn1	1399	508
16861	chr5	124118413	124119074	105646	chr5	124118690	124249760	Pitpnm2	1404	277
17019	chr5	130871092	130871484	106316	chr5	130872082	131308497	Galnt17	1408	990
17244	chr5	137518399	137518866	107069	chr5	137518548	137527935	Gigyf1	1478	149
17334	chr5	143757750	143759095	107770	chr5	143758354	143768575	D130017N08Rik	1480	604
17335	chr5	144195001	144195325	107806	chr5	144194442	144223615	Tecpr1	1412	559
17369	chr5	149677803	149680344	108300	chr5	149678230	149762599	B3glct	1481	427
17379	chr5	150117857	150120015	108346	chr5	150118645	150497753	Fry	1482	788
17414	chr5	150521812	150523380	108382	chr5	150522630	150570329	Brca2	1483	818
17421	chr6	4504640	4506646	108483	chr6	4504814	4541544	Col1a2	1541	174
17431	chr6	5725239	5727549	108551	chr6	5725639	6028039	Dync1i1	1542	400
17479	chr6	8947871	8953032	108718	chr6	8948431	9249032	Nxph1	1544	560
17504	chr6	13834680	13840403	108830	chr6	13834458	13839942	Gpr85	1490	222
17538	chr6	17305455	17308242	108955	chr6	17306335	17341452	Cav1	1546	880
17552	chr6	18424291	18426308	109013	chr6	18424684	18427885	Gm15594	1548	393
17613	chr6	29395541	29398188	109368	chr6	29396309	29426994	Ccdc136	1552	768
17617	chr6	29734860	29737615	109400	chr6	29735503	29761365	Smo	1553	643
17626	chr6	31398120	31400033	109555	chr6	31398735	31516811	Mkln1	1555	615
17633	chr6	31518700	31519598	109563	chr6	31519488	31563981	Podxl	1495	788
17693	chr6	34598025	34599557	109807	chr6	34598500	34775473	Cald1	1556	475
17737	chr6	38695158	38697146	110043	chr6	38694390	38876165	Hipk2	1501	768
17751	chr6	39462643	39463564	110107	chr6	39462378	39557867	Dennd2a	1502	265
17762	chr6	45058939	45060750	110296	chr6	45059357	47304213	Cntnap2	1557	418
17821	chr6	47795693	47795722	110387	chr6	47796141	47813430	Pdia4	1503	448
17886	chr6	55451205	55454008	111111	chr6	55451978	55501451	Adcyap1r1	1561	773
17918	chr6	56831506	56833019	111196	chr6	56832059	56879358	Fkbp9	1562	553
17924	chr6	65670780	65673304	111394	chr6	65671590	65712326	Ndnf	1563	810
17925	chr6	66895818	66898354	111429	chr6	66896397	67021350	Gng12	1564	579
17939	chr6	67035782	67038419	111443	chr6	67036599	67080654	E230016M11Rik	1565	817
17946	chr6	72096690	72099497	111565	chr6	72097592	72154571	St3gal5	1567	902
17981	chr6	80018641	80021313	111816	chr6	80018877	80810143	Lrrtm4	1569	236
18026	chr6	85586716	85589003	112173	chr6	85587531	85702753	Alms1	1570	815
18028	chr6	88083798	88085452	112376	chr6	88084482	88105304	Rpn1	1571	684
18031	chr6	88723803	88727259	112431	chr6	88724412	88828360	Mgll	1572	609
18054	chr6	89315334	89315535	112527	chr6	89316314	89362620	Plxna1	1511	980
18078	chr6	91212407	91214463	112660	chr6	91212455	91272540	Fbln2	1574	48
18113	chr6	91762357	91762758	112728	chr6	91761509	91827250	Grip2	1513	848
18125	chr6	91978173	91980004	112750	chr6	91978878	92076004	Fgd5	1576	705
18261	chr6	96113152	96113288	113049	chr6	96113154	96657198	Tafa1	1577	2
18262	chr6	96114106	96117607	113050	chr6	96113154	96657198	Tafa1	1577	952
18437	chr6	104492746	104493802	113622	chr6	104492790	104863406	Cntn6	1579	44
18474	chr6	110644812	110647588	113800	chr6	110645581	111567230	Grm7	1581	769
18497	chr6	113530883	113532289	113964	chr6	113531682	113597017	Fancd2	1582	799
18539	chr6	114130580	114132683	114034	chr6	114131241	114249952	Slc6a11	1583	661
18555	chr6	114282075	114284510	114057	chr6	114282635	114317532	Slc6a1	1584	560
18562	chr6	115773730	115776343	114225	chr6	115774538	115805557	Cand2	1585	808
18569	chr6	115954731	115954999	114250	chr6	115954811	115995005	Plxnd1	1525	80
18581	chr6	118010929	118014039	114386	chr6	118011438	118091546	Rasgef1a	1586	509
18593	chr6	119924124	119924625	114534	chr6	119923969	120038672	Wnk1	1526	155
18596	chr6	120324077	120324918	114561	chr6	120324323	120364374	Ccdc77	1527	246
18627	chr6	126100918	126101415	114890	chr6	126101412	126166910	Ntf3	1531	494
18680	chr6	137251704	137254845	115534	chr6	137252319	137463233	Ptpro	1592	615
18721	chr6	141248916	141250670	115764	chr6	141249269	141507448	Pde3a	1593	353
18742	chr6	141524009	141524662	115785	chr6	141524368	141570177	Slco1c1	1594	359
18941	chr6	148943958	148947505	116335	chr6	148944867	148947129	3010003L21Rik	1596	909
18942	chr6	149309003	149310340	116352	chr6	149309414	149335663	Resf1	1597	411
18943	chr6	149408200	149410393	116355	chr6	149408886	149563329	Bicd1	1598	686
18949	chr7	4119045	4125787	116414	chr7	4119408	4136708	Ttyh1	1663	363
18961	chr7	13277892	13279504	116614	chr7	13277283	13311433	Lig1	1665	609
18963	chr7	19155759	19161421	116814	chr7	19156061	19166127	Gipr	1603	302
18966	chr7	19632251	19632490	116897	chr7	19631571	19665033	Clptm1	1605	680
18977	chr7	25086609	25089312	117037	chr7	25087344	25179726	Pou2f2	1609	735
18992	chr7	27306106	27306594	117144	chr7	27305136	27337692	Ltbp4	1610	970
19020	chr7	28293884	28295518	117243	chr7	28293553	28302238	Dll3	1613	331
19116	chr7	39543755	39545500	117975	chr7	39544402	39580589	Gm37494	1671	647
19120	chr7	41598592	41600583	118033	chr7	41599230	41628533	2610021A01Rik	1673	638
19133	chr7	45215437	45217552	118223	chr7	45215753	45233644	Tead2	1675	316
19135	chr7	46395843	46399199	118390	chr7	46396497	46438704	Kcnc1	1676	654
19145	chr7	49974145	49976946	118649	chr7	49974864	50866608	Nell1	1677	719
19169	chr7	51621257	51629867	118693	chr7	51622006	51671119	Slc17a6	1678	749
19187	chr7	54835026	54837015	118761	chr7	54835498	55268885	Luzp2	1680	472
19272	chr7	66078691	66080815	119215	chr7	66079649	66089405	Selenos	1682	958
19275	chr7	66838932	66843479	119275	chr7	66839735	67153171	Adamts17	1683	803
19345	chr7	70364585	70366686	119517	chr7	70364910	70489972	B130024G19Rik	1685	325
19388	chr7	75454828	75456962	119832	chr7	75455534	75754609	Akap13	1687	706
19465	chr7	80293363	80295585	120170	chr7	80293229	80324454	Rccd1	1634	134
19473	chr7	80586899	80588036	120203	chr7	80586627	80688877	Crtc3	1636	272
19504	chr7	87246047	87247281	120553	chr7	87246096	87398710	Nox4	1691	49
19506	chr7	87583805	87585204	120558	chr7	87584168	88134907	Grm5	1692	363
19518	chr7	89140534	89141481	120590	chr7	89139714	89404222	Tmem135	1638	820
19543	chr7	94042382	94042914	120821	chr7	94042691	94709171	Gm32647	1695	309
19556	chr7	96170806	96171967	120872	chr7	96171246	96911093	Tenm4	1696	440
19704	chr7	109524052	109524693	121689	chr7	109523911	109703605	St5	1646	141
19727	chr7	110221009	110222903	121751	chr7	110221711	110283506	Swap70	1698	702
19739	chr7	112427145	112428819	121933	chr7	112427505	112591692	Parva	1699	360
19794	chr7	113765086	113768116	122052	chr7	113765998	114043370	Spon1	1701	912
19909	chr7	116503374	116505266	122279	chr7	116504369	116540584	Nucb2	1702	995
19959	chr7	119793312	119794810	122500	chr7	119794006	119848943	Rexo5	1704	694
19967	chr7	122964736	122964897	122738	chr7	122965686	123002557	Rbbp6	1705	950
20031	chr7	126622852	126623413	123017	chr7	126623249	126630861	Nupr1	1654	397
20187	chr7	131965735	131967898	123455	chr7	131966460	131994405	Gpr26	1708	725
20291	chr7	132711722	132712636	123554	chr7	132712082	132813886	Fam53b	1657	360
20351	chr7	134669863	134672056	123720	chr7	134670654	135173639	Dock1	1709	791
20386	chr7	135537121	135538995	123770	chr7	135537481	135686293	Ptpre	1710	360
20410	chr7	139833510	139836916	124195	chr7	139834174	139878088	Adgra1	1711	664
20419	chr7	140070295	140071036	124226	chr7	140069880	140082548	Caly	1659	415
20426	chr7	143051993	143054464	124437	chr7	143052739	143067934	Cd81	1712	746
20430	chr7	143458865	143462237	124472	chr7	143458339	143461050	Cdkn1c	1661	526
20434	chr7	144589546	144589937	124589	chr7	144588549	144751974	Ano1	1662	997
20461	chr8	4492421	4494949	124744	chr8	4493026	4531680	Cers4	1755	605
20465	chr8	8616516	8616844	124844	chr8	8617434	8661242	Efnb2	1715	918
20466	chr8	8617536	8624155	124845	chr8	8617434	8661242	Efnb2	1715	102
20507	chr8	13158381	13160166	125272	chr8	13159161	13175338	Lamp1	1758	780
20516	chr8	22226858	22227941	125627	chr8	22227313	22261334	Thsd1	1759	455
20560	chr8	25513886	25515954	125909	chr8	25513654	25575718	Fgfr1	1763	232
20694	chr8	36456913	36459661	126614	chr8	36457548	36516570	Trmt9b	1766	635
20738	chr8	40861771	40863456	126739	chr8	40862396	40922308	Slc7a2	1767	625
20766	chr8	45507218	45509219	126883	chr8	45507788	45827906	Sorbs2	1770	570
20929	chr8	57455723	57458272	127344	chr8	57455923	57477585	Scrg1	1772	200
20969	chr8	62950637	62952797	127528	chr8	62951009	63357103	Spock3	1774	372
21031	chr8	70093143	70094690	127795	chr8	70093085	70120873	Ncan	1736	58
21036	chr8	71568208	71571589	127961	chr8	71568882	71587302	Slc27a1	1775	674
21042	chr8	72645889	72647230	128047	chr8	72646711	72717876	Nwd1	1777	822
21047	chr8	76898514	76903025	128142	chr8	76899442	77245012	Nr3c2	1779	928
21086	chr8	83389435	83390475	128486	chr8	83389867	83428552	Clgn	1781	432
21088	chr8	83575231	83576388	128496	chr8	83576044	83585919	D830024N08Rik	1782	813
21089	chr8	83576991	83578493	128497	chr8	83576044	83585919	D830024N08Rik	1782	947
21095	chr8	84338405	84339809	128594	chr8	84338639	84640246	Cacna1a	1783	234
21140	chr8	84973758	84981385	128667	chr8	84974484	84978718	Junb	1741	726
21172	chr8	94152041	94155163	129452	chr8	94152607	94154146	Mt3	1785	566
21174	chr8	94974088	94974614	129544	chr8	94974751	95014217	Adgrg1	1787	663
21175	chr8	94975574	94975912	129545	chr8	94974751	95014217	Adgrg1	1787	823
21204	chr8	104250448	104251895	129879	chr8	104250861	104264938	Cklf	1790	413
21210	chr8	105899690	105901555	130011	chr8	105900441	105931778	Pskh1	1791	751
21212	chr8	107941907	107945464	130191	chr8	107942644	108961630	Zfhx3	1792	737
21315	chr8	110079158	110080720	130368	chr8	110079746	110092741	Zfp612	1793	588
21349	chr8	118283144	118288942	131033	chr8	118283733	119324921	Cdh13	1795	589
21514	chr8	126138223	126139978	132125	chr8	126138995	126395978	Slc35f3	1799	772
21557	chr9	3403070	3404902	132366	chr9	3403592	3479236	Cwf19l2	1867	522
21582	chr9	13246603	13247901	132535	chr9	13246955	13292520	Ccdc82	1868	352
21672	chr9	20580319	20582386	132800	chr9	20581291	20605409	Zfp846	1870	972
21675	chr9	20668264	20668456	132806	chr9	20667690	20746349	Olfm2	1807	574
21689	chr9	21722712	21725255	132929	chr9	21723483	21749919	Ldlr	1871	771
21710	chr9	22474796	22476765	133019	chr9	22475715	22888280	Bbs9	1872	919
21762	chr9	24411007	24412177	133125	chr9	24411776	24503140	Dpy19l1	1812	769
21770	chr9	25480833	25483294	133191	chr9	25481547	25604110	Eepd1	1874	714
21783	chr9	27097965	27098174	133264	chr9	27097384	27155421	Jam3	1813	581
21801	chr9	27790558	27792616	133333	chr9	27790775	28925410	Opcml	1877	217
22013	chr9	33031152	33032757	133729	chr9	33031791	33090799	Gm27166	1879	639
22020	chr9	34485392	34487271	133794	chr9	34485894	35036716	Kirrel3	1880	502
22108	chr9	35420625	35426665	133917	chr9	35421128	35507652	Cdon	1881	503
22122	chr9	37207269	37208949	134010	chr9	37208223	37224700	Tmem218	1882	954
22124	chr9	37367297	37368457	134019	chr9	37367351	37386575	Hepacam	1883	54
22130	chr9	37544257	37546317	134037	chr9	37544492	37552904	Nrgn	1818	235
22133	chr9	40685136	40688005	134144	chr9	40685962	40785319	Clmp	1886	826
22165	chr9	42412925	42414125	134337	chr9	42412316	42507809	Tbcel	1821	609
22182	chr9	45369457	45372262	134699	chr9	45370185	45396159	Fxyd6	1888	728
22304	chr9	48161516	48162588	135021	chr9	48162023	48400025	Nxpe4	1891	507
22362	chr9	53666304	53668156	135419	chr9	53667246	53681265	Gm16124	1892	942
22375	chr9	54604921	54605242	135481	chr9	54604877	54661870	Acsbg1	1827	44
22380	chr9	56618065	56618109	135639	chr9	56618475	56796468	Lingo1	1828	410
22381	chr9	56619427	56619603	135640	chr9	56618475	56796468	Lingo1	1828	952
22425	chr9	56864116	56865635	135695	chr9	56865033	56899870	Cspg4	1893	917
22437	chr9	58873827	58874710	135916	chr9	58874687	59036441	Neo1	1830	860
22514	chr9	60793594	60796792	136080	chr9	60794542	60880370	Uaca	1894	948
22590	chr9	65586415	65589424	136676	chr9	65587160	65595967	Pif1	1898	745
22592	chr9	65829456	65830593	136708	chr9	65828930	65908794	Trip4	1834	526
22600	chr9	65889902	65890865	136715	chr9	65890237	65903266	Pclaf	1899	335
22602	chr9	66712977	66714920	136773	chr9	66713686	66766845	Car12	1900	709
22629	chr9	68652925	68656862	136884	chr9	68653786	69388246	Rora	1901	861
22705	chr9	69452912	69454704	136964	chr9	69453620	69491795	Anxa2	1902	708
22739	chr9	72273961	72276493	137161	chr9	72274860	72363777	Zfp280d	1904	899
22741	chr9	72437671	72439513	137172	chr9	72438011	72462025	Mns1	1905	340
22750	chr9	72613887	72615521	137183	chr9	72613790	72617053	Gm27241	1840	97
22752	chr9	72805996	72808716	137206	chr9	72806874	72917291	Prtg	1906	878
22782	chr9	77753863	77756745	137456	chr9	77754535	77794485	Gclc	1907	672
22787	chr9	79598848	79600001	137552	chr9	79598991	79718831	Col12a1	1843	143
22814	chr9	85841767	85845059	137734	chr9	85842380	85847040	Tpbg	1910	613
22830	chr9	91404816	91406651	137957	chr9	91404474	91562818	Gm29478	1912	342
22841	chr9	92541511	92543295	137991	chr9	92542223	92608428	Plod2	1913	712
22859	chr9	98423788	98426341	138343	chr9	98422961	98446575	Rbp1	1914	827
22864	chr9	99478806	99479946	138431	chr9	99478372	99568899	Armc8	1850	434
22871	chr9	100598753	100599037	138499	chr9	100597798	100959375	Stag1	1915	955
22953	chr9	103304425	103306096	138727	chr9	103305215	103350428	Topbp1	1916	790
23024	chr9	107950230	107951562	139159	chr9	107950136	107972270	Traip	1921	94
23028	chr9	108204884	108205495	139192	chr9	108204634	108263958	Dag1	1857	250
23043	chr9	110243190	110243596	139318	chr9	110243783	110262576	Cspg5	1923	593
23044	chr9	110244227	110247518	139319	chr9	110243783	110262576	Cspg5	1923	444
23047	chr9	110332819	110334304	139335	chr9	110333288	110384950	Scap	1924	469
23057	chr9	111310961	111314697	139418	chr9	111311739	111395775	Trank1	1926	778
23092	chr9	113930044	113933015	139594	chr9	113930934	113977202	Ubp1	1927	890
23104	chr9	114400437	114402349	139616	chr9	114401076	114474898	Glb1	1928	639
23201	chr9	118505581	118507755	139932	chr9	118506267	118582519	Golga4	1930	686
23224	chr9	120491476	120494480	140158	chr9	120492232	120495330	Eif1b	1932	756
23245	chr9	122950179	122951759	140445	chr9	122951046	123018733	Kif15	1935	867
23257	chr9	123477838	123480883	140477	chr9	123478706	123521552	Limd1	1937	868
23266	chrX	7919097	7923471	140584	chrX	7919822	7924410	Pcsk1n	1971	725
23267	chrX	10484599	10486923	140649	chrX	10485158	10596605	Tspan7	1972	559
23291	chrX	20797499	20799143	140898	chrX	20797814	20860519	Araf	1974	315
23300	chrX	41400054	41402515	141046	chrX	41400854	41678601	Gria3	1975	800
23378	chrX	56454208	56456975	141304	chrX	56454857	56507843	Ints6l	1977	649
23381	chrX	66648641	66649878	141438	chrX	66649318	66661393	Slitrk2	1978	677
23390	chrX	73483426	73483787	141553	chrX	73483602	73495933	Bgn	1980	176
23395	chrX	73854231	73854259	141579	chrX	73853778	73896105	L1cam	1949	453
23405	chrX	81069960	81073119	141680	chrX	81070698	81097872	Tmem47	1981	738
23452	chrX	100625188	100626809	141944	chrX	100625737	100727214	Kif4	1985	549
23456	chrX	103355634	103357586	142043	chrX	103356476	103396092	Chic1	1987	842
23460	chrX	103460079	103460375	142051	chrX	103460366	103483254	Xist	1955	287
23475	chrX	103698013	103698402	142070	chrX	103697414	103821983	Slc16a2	1956	599
23487	chrX	111569413	111569575	142163	chrX	111569931	111697079	Hdx	1961	518
23490	chrX	120289696	120293749	142188	chrX	120290259	120910619	Pcdh11x	1989	563
23492	chrX	129749291	129750913	142206	chrX	129749742	130465834	Diaph2	1990	451
23504	chrX	137569766	137571546	142379	chrX	137570608	138846946	Il1rapl2	1991	842
23513	chrX	141475100	141475989	142466	chrX	141475385	141689234	Col4a5	1992	285
23539	chrX	144688047	144690268	142570	chrX	144688907	145122411	Rtl4	1994	860
23541	chrX	146962175	146963901	142588	chrX	146962513	147197277	Htr2c	1995	338
23575	chrX	164979799	164981109	142931	chrX	164980592	164997272	Fancb	1998	793
23580	chrX	167207281	167210468	143000	chrX	167207093	167209315	Tmsb4x	1969	188
